{"cameraMode":{"drawMode":0,"name":"Shaded","section":"Shading Mode"},"sceneLighting":true,"audioPlay":false,"sceneViewState":{"showFog":true,"showMaterialUpdate":false,"showSkybox":true,"showFlares":true,"showImageEffects":true,"showParticleSystems":true},"in2DMode":false,"pivot":{"x":0.3047182559967041,"y":-3.812803030014038,"z":7.820324897766113},"rotation":{"x":-0.22048664093017579,"y":-0.006413815543055534,"z":0.0014475100906565786,"w":-0.9754108786582947},"size":7.430586338043213,"orthographic":false}