{"cameraMode":{"drawMode":0,"name":"Shaded","section":"Shading Mode"},"sceneLighting":true,"audioPlay":false,"sceneViewState":{"showFog":true,"showMaterialUpdate":false,"showSkybox":true,"showFlares":true,"showImageEffects":true,"showParticleSystems":true},"in2DMode":false,"pivot":{"x":-0.2825383245944977,"y":-4.802767276763916,"z":8.395347595214844},"rotation":{"x":-0.22047147154808045,"y":0.012608913704752922,"z":-0.0028218224178999664,"w":-0.9753385782241821},"size":10.280942916870118,"orthographic":false}