{"cameraMode":{"drawMode":0,"name":"Shaded","section":"Shading Mode"},"sceneLighting":true,"audioPlay":false,"sceneViewState":{"showFog":true,"showMaterialUpdate":false,"showSkybox":true,"showFlares":true,"showImageEffects":true,"showParticleSystems":true},"in2DMode":false,"pivot":{"x":0.23506473004817964,"y":-2.0852208137512209,"z":-1.6879425048828126},"rotation":{"x":-0.3997846841812134,"y":-0.012904806062579155,"z":0.005621680989861488,"w":-0.9165430665016174},"size":2.645082950592041,"orthographic":false}