{"cameraMode":{"drawMode":0,"name":"Shaded","section":"Shading Mode"},"sceneLighting":true,"audioPlay":false,"sceneViewState":{"showFog":true,"showMaterialUpdate":false,"showSkybox":true,"showFlares":true,"showImageEffects":true,"showParticleSystems":true},"in2DMode":false,"pivot":{"x":1.2319608926773072,"y":-2.9173316955566408,"z":1.4553236961364747},"rotation":{"x":-0.1837509423494339,"y":0.009433881379663945,"z":-0.0017634819960221649,"w":-0.9829260110855103},"size":3.2960517406463625,"orthographic":false}